City_ID,City,Lat,Lng,Max Temp,Humidity,Cloudiness,Wind Speed,Country,Date
0,iqaluit,63.7506,-68.5145,-24.15,64,75,1.03,CA,1707605425
1,ain sefra,32.75,-0.5833,8.07,78,93,2.98,DZ,1707605425
2,west island,-12.1568,96.8225,27.99,78,100,5.14,CC,1707605425
3,grytviken,-54.2811,-36.5092,3.6,85,24,8.43,GS,1707605270
4,st. john's,47.5649,-52.7093,-2.96,91,20,2.06,CA,1707605315
5,merizo village,13.2658,144.6691,27.77,81,99,8.35,GU,1707605426
6,susuman,62.7833,148.1667,-32.79,100,100,0.89,RU,1707605426
7,utrik,11.2278,169.8474,26.15,71,97,9.72,MH,1707605427
8,birnin kudu,11.4459,9.4984,21.51,18,13,2.53,NG,1707605427
9,albany,42.6001,-73.9662,11.07,79,95,0.89,US,1707605427
10,mariental,-24.6333,17.9667,27.76,18,0,6.81,NA,1707605401
11,morelos,18.75,-99.0,30.21,19,33,0.65,MX,1707605428
12,bambari,5.768,20.6757,28.7,22,91,1.06,CF,1707605428
13,ouadda,8.0777,22.4007,23.37,28,49,2.09,CF,1707605428
14,hadibu,12.65,54.0333,24.21,78,53,3.68,YE,1707605429
15,longyearbyen,78.2186,15.6401,-4.09,68,75,6.69,SJ,1707605429
16,walvis bay,-22.9575,14.5053,17.53,82,6,3.6,NA,1707605402
17,sao joao evangelista,-18.5478,-42.7633,19.24,98,42,1.74,BR,1707605430
18,port-aux-francais,-49.35,70.2167,8.3,97,96,11.53,TF,1707605430
19,mount gambier,-37.8333,140.7667,22.11,46,0,0.9,AU,1707605409
20,colonia,50.9333,6.95,10.03,90,20,1.03,DE,1707605200
21,adamstown,-25.066,-130.1015,25.19,90,100,12.15,PN,1707605146
22,faaborg,55.0951,10.2423,4.0,96,100,9.89,DK,1707605431
23,bilibino,68.0546,166.4372,-33.83,100,99,0.32,RU,1707605431
24,port alfred,-33.5906,26.891,15.66,93,35,2.72,ZA,1707605432
25,tiksi,71.6872,128.8694,-26.63,100,100,2.3,RU,1707605432
26,olonkinbyen,70.9221,-8.7187,-3.32,65,80,5.1,SJ,1707605432
27,kapuskasing,49.4169,-82.4331,-4.95,80,100,5.14,CA,1707605433
28,thompson,55.7435,-97.8558,-13.91,85,75,1.03,CA,1707605433
29,lincoln city,44.9582,-124.0179,13.83,87,93,1.86,US,1707605433
30,ponte de sor,39.2496,-8.0101,9.76,83,9,1.82,PT,1707605434
31,chonchi,-42.6128,-73.8092,18.56,69,11,0.49,CL,1707605434
32,vorgashor,67.5833,63.95,-26.37,98,100,2.54,RU,1707605434
33,howrah,22.5892,88.3103,15.0,77,0,0.0,IN,1707605415
34,papatowai,-46.5619,169.4708,11.01,68,99,4.54,NZ,1707605435
35,ancud,-41.8697,-73.8203,15.73,77,13,4.38,CL,1707605435
36,rio grande,-32.035,-52.0986,26.06,95,64,5.75,BR,1707605436
37,edinburgh of the seven seas,-37.0676,-12.3116,18.69,91,100,7.98,SH,1707605436
38,kutum,14.2,24.6667,17.7,18,0,3.0,SD,1707605436
39,la'ie,21.6477,-157.9253,26.98,72,79,2.68,US,1707605437
40,aral,40.5156,81.2636,0.13,51,12,1.64,CN,1707605437
41,witbank,-25.8713,29.2332,15.3,84,63,8.78,ZA,1707605315
42,luanda,-8.8368,13.2343,28.0,83,20,2.06,AO,1707605437
43,aasiaat,68.7098,-52.8699,-20.61,97,100,3.15,GL,1707605438
44,hawaiian paradise park,19.5933,-154.9731,25.49,72,100,4.12,US,1707605170
45,ta`u,-14.2336,-169.5144,28.85,79,99,7.07,AS,1707605438
46,odesskoye,54.2111,72.9651,-20.85,95,11,5.17,RU,1707605439
47,rongelap,11.1635,166.8941,26.29,77,100,9.32,MH,1707605439
48,beni,0.5,29.4667,19.54,67,98,1.58,CD,1707605439
49,tura,25.5198,90.2201,13.49,55,0,1.53,IN,1707605440
50,ushuaia,-54.8,-68.3,12.81,71,0,7.72,AR,1707605440
51,lebu,-37.6167,-73.65,15.74,88,52,5.43,CL,1707605440
52,kajaani,64.2273,27.7285,-23.97,84,0,0.51,FI,1707605440
53,whitehorse,60.7161,-135.0538,3.9,64,40,7.2,CA,1707605441
54,waitangi,-43.9535,-176.5597,19.34,90,88,2.68,NZ,1707605437
55,nieuw amsterdam,5.8833,-55.0833,29.09,70,20,5.14,SR,1707605442
56,kudahuvadhoo,2.6708,72.8944,27.27,79,29,6.9,MV,1707605442
57,basco,20.4487,121.9702,21.2,77,99,12.38,PH,1707605442
58,bredasdorp,-34.5322,20.0403,17.5,73,54,2.91,ZA,1707605443
59,zahedan,29.4963,60.8629,4.95,38,0,2.06,IR,1707605443
60,yarmouth,41.7057,-70.2286,8.97,86,0,5.66,US,1707605443
61,yellowknife,62.456,-114.3525,-13.1,97,75,7.72,CA,1707605426
62,hickory,35.7332,-81.3412,19.05,72,75,3.09,US,1707605444
63,talcahuano,-36.7167,-73.1167,18.82,72,0,5.14,CL,1707605444
64,i-n-salah,27.1935,2.4607,23.37,9,98,3.02,DZ,1707605445
65,shimanovsk,52.0,127.7,-22.06,100,100,2.02,RU,1707605445
66,sitka,57.0531,-135.33,6.94,76,100,5.66,US,1707605445
67,hamilton,39.1834,-84.5333,12.97,73,100,4.47,US,1707605446
68,eirunepe,-6.6603,-69.8736,24.93,95,97,1.36,BR,1707605446
69,papao,-17.75,-149.55,25.82,88,100,14.98,PF,1707605446
70,bethel,41.3712,-73.414,14.05,67,0,2.57,US,1707605446
71,dhuusamarreeb,5.535,46.3861,23.21,70,4,5.94,SO,1707605447
72,saudarkrokur,65.7461,-19.6394,-4.44,84,100,2.89,IS,1707605447
73,balotra,25.8333,72.2333,15.49,24,0,3.65,IN,1707605447
74,ribeira grande,38.5167,-28.7,17.65,95,100,6.26,PT,1707605448
75,westminster,39.8367,-105.0372,-0.4,88,100,6.17,US,1707605448
76,saint-joseph,-21.3667,55.6167,24.21,86,94,5.13,RE,1707605448
77,nyurba,63.2842,118.3319,-28.15,96,98,3.59,RU,1707605448
78,sangueya,10.7,-14.3667,23.37,85,0,1.44,GN,1707605449
79,vadso,70.0744,29.7487,-11.91,85,75,5.66,NO,1707605450
80,anadyr,64.75,177.4833,-22.72,76,20,6.0,RU,1707605450
81,comodoro rivadavia,-45.8667,-67.5,20.92,68,0,4.12,AR,1707605450
82,stanley,54.868,-1.6985,5.16,93,100,1.54,GB,1707605451
83,krasnaya gorbatka,55.8703,41.7641,-25.92,100,99,1.73,RU,1707605451
84,puerto ayora,-0.7393,-90.3518,29.98,92,71,2.68,EC,1707605452
85,cold lake,54.4502,-110.2017,-5.03,68,100,3.09,CA,1707605452
86,wailua homesteads,22.0669,-159.378,26.24,79,75,4.12,US,1707605452
87,lensk,60.7253,114.9278,-21.91,99,100,2.66,RU,1707605452
88,sao vicente,-23.9631,-46.3919,28.1,49,41,3.58,BR,1707605453
89,n'zeto,-7.2312,12.8666,27.83,80,100,3.18,AO,1707605453
90,margaret river,-33.95,115.0667,18.59,88,48,5.57,AU,1707605453
91,lihue,21.9789,-159.3672,26.58,78,75,4.12,US,1707605453
92,baoro,5.6667,15.9667,21.52,30,5,1.2,CF,1707605454
93,dawson creek,55.7666,-120.2362,4.8,52,0,12.35,CA,1707605454
94,fortuna,40.5982,-124.1573,14.43,81,0,5.14,US,1707605454
95,labytnangi,66.6572,66.4183,-26.33,85,95,3.48,RU,1707605455
96,punta arenas,-53.15,-70.9167,18.06,42,0,8.75,CL,1707605455
97,yuzhno-kurilsk,44.0306,145.8556,-3.68,93,100,2.96,RU,1707605455
98,chervyen',53.7059,28.4313,-1.83,94,100,5.37,BY,1707605456
99,bloemhof,-27.6469,25.607,18.06,19,2,1.79,ZA,1707605456
100,la troncal,-2.4,-79.3333,26.72,95,72,0.3,EC,1707605456
101,port elizabeth,-33.918,25.5701,13.16,88,0,2.57,ZA,1707605457
102,saint-francois,46.4154,3.9054,6.69,83,100,2.57,FR,1707605457
103,puerto natales,-51.7236,-72.4875,13.94,74,100,2.35,CL,1707605458
104,bengkulu,-3.8004,102.2655,23.33,93,100,2.78,ID,1707605440
105,vila franca do campo,37.7167,-25.4333,18.27,99,100,7.93,PT,1707605458
106,fale old settlement,-9.3852,-171.2468,28.24,84,100,7.6,TK,1707605459
107,iskateley,67.6803,53.1512,-27.21,100,48,3.13,RU,1707605459
108,severo-yeniseyskiy,60.3725,93.0408,-14.12,93,100,3.13,RU,1707605459
109,yinchuan,38.4681,106.2731,-1.53,38,10,1.68,CN,1707605460
110,enewetak,11.3474,162.3373,26.51,80,94,10.12,MH,1707605460
111,tolanaro,-25.0319,46.9987,26.04,89,40,9.77,MG,1707605460
112,isafjordur,66.0755,-23.124,-4.69,80,44,3.38,IS,1707605461
113,east london,-33.0153,27.9116,19.52,70,71,0.97,ZA,1707605461
114,blackmans bay,-43.0167,147.3167,19.29,59,97,1.34,AU,1707605461
115,hinton,53.4001,-117.5857,1.22,70,100,3.17,CA,1707605462
116,jamestown,42.097,-79.2353,6.8,71,0,6.69,US,1707605462
117,hermanus,-34.4187,19.2345,16.0,73,1,5.45,ZA,1707605463
118,badger,64.8,-147.5333,-3.9,86,0,2.57,US,1707605463
119,ilulissat,69.2167,-51.1,-19.3,83,100,2.12,GL,1707605464
120,uturoa,-16.7333,-151.4333,27.85,89,100,14.71,PF,1707605464
121,brasileia,-11.0161,-68.7481,29.25,69,95,2.46,BR,1707605465
122,dimbokro,6.6451,-4.7048,26.86,74,75,2.63,CI,1707605465
123,alofi,-19.0595,-169.9187,28.94,79,96,5.66,NU,1707605465
124,invercargill,-46.4,168.35,10.57,89,99,0.89,NZ,1707605214
125,kidal,18.4411,1.4078,21.6,9,1,1.36,ML,1707605466
126,crescent city,41.756,-124.2018,14.71,85,0,3.6,US,1707605466
127,nova vicosa,-17.8919,-39.3719,25.46,82,21,3.86,BR,1707605466
128,zhatay,62.1594,129.8294,-44.64,100,80,1.49,RU,1707605466
129,petoskey,45.3733,-84.9553,-0.09,77,100,5.81,US,1707605467
130,lerwick,60.1545,-1.1494,2.0,97,100,12.96,GB,1707605467
131,mersing,2.4312,103.8405,26.95,78,20,5.66,MY,1707605467
132,kijang,35.2442,129.2139,-0.15,68,55,2.98,KR,1707605360
133,kone,-21.0595,164.8658,30.05,63,29,2.52,NC,1707605467
134,geraldton,-28.7667,114.6,18.23,94,0,1.54,AU,1707605417
135,udachny,66.4167,112.4,-40.31,64,84,1.63,RU,1707605451
136,castelli,-25.9468,-60.6195,24.78,83,97,1.95,AR,1707605468
137,suva reka,42.3586,20.825,11.0,62,83,3.14,XK,1707605469
138,grand falls-windsor,48.9332,-55.6649,-6.16,93,100,2.13,CA,1707605469
139,matadi,-5.8167,13.45,25.95,94,100,1.09,CD,1707605469
140,necochea,-38.5473,-58.7368,22.06,95,74,1.78,AR,1707605469
141,itaituba,-4.2761,-55.9836,29.09,79,40,2.06,BR,1707605469
142,petropavlovsk-kamchatsky,53.0452,158.6483,-14.67,91,0,4.0,RU,1707605470
143,humaita,-7.5061,-63.0208,25.28,92,99,1.14,BR,1707605470
144,talnakh,69.4865,88.3972,-26.4,84,97,1.69,RU,1707605470
145,afaahiti,-17.75,-149.2833,24.93,88,100,14.36,PF,1707605471
146,banga,6.4239,124.7783,23.62,85,82,0.62,PH,1707605471
147,salida,37.7058,-121.0849,15.99,50,0,1.54,US,1707605471
148,inhambane,-23.865,35.3833,25.62,86,84,7.99,MZ,1707605471
149,la ronge,55.1001,-105.2842,-6.86,68,100,1.54,CA,1707605472
150,wajir,1.7471,40.0573,29.95,37,42,5.9,KE,1707605472
151,tsiombe,-25.3,45.4833,25.14,90,57,1.76,MG,1707605473
152,praia da vitoria,38.7333,-27.0667,17.09,94,75,9.03,PT,1707605473
153,giddings,30.1827,-96.9364,18.63,94,100,0.0,US,1707605474
154,sabha,27.0377,14.4283,17.77,14,99,6.32,LY,1707605474
155,sechura,-5.5569,-80.8222,29.24,63,60,7.27,PE,1707605474
156,nikolayevsk-on-amure,53.1406,140.73,-21.6,99,85,0.75,RU,1707605474
157,college,64.8569,-147.8028,-3.85,85,20,2.57,US,1707605475
158,new norfolk,-42.7826,147.0587,19.95,51,97,1.01,AU,1707605475
159,arraial do cabo,-22.9661,-42.0278,26.13,81,29,8.28,BR,1707605475
160,vakarai,55.6035,23.8213,-1.71,95,100,4.05,LT,1707605476
161,peterhead,57.5058,-1.7981,3.22,94,100,3.43,GB,1707605476
162,sittwe,20.15,92.9,16.85,61,53,2.76,MM,1707605476
163,mecca,21.4267,39.8261,20.51,67,9,2.15,SA,1707605476
164,sinabang,2.4803,96.3801,26.83,82,38,1.95,ID,1707605477
165,nishinoomote,30.7333,131.0,12.31,61,100,8.29,JP,1707605477
166,songea,-10.6833,35.65,19.08,96,100,1.31,TZ,1707605478
167,luderitz,-26.6481,15.1594,18.38,73,23,8.11,NA,1707605408
168,vila do maio,15.1333,-23.2167,23.44,65,0,6.31,CV,1707605478
169,kingston,17.997,-76.7936,27.53,70,40,11.32,JM,1707605478
170,camrose,53.0168,-112.8353,-1.72,70,100,2.88,CA,1707605478
171,trondheim,63.4305,10.3951,-5.95,67,100,1.79,NO,1707605479
172,keflavik,64.0049,-22.5624,0.95,80,75,8.75,IS,1707605430
173,mount pearl,47.5166,-52.7813,-3.42,91,20,2.06,CA,1707605479
174,tuban,-6.8976,112.0649,25.09,91,100,2.84,ID,1707605480
175,roma,43.2128,-75.4557,9.97,80,75,6.69,US,1707605481
176,tual,-5.6667,132.75,28.34,78,100,3.95,ID,1707605481
177,kertih,4.5141,103.4483,28.01,74,81,3.6,MY,1707605481
178,luxor,25.6989,32.6421,15.03,36,0,2.57,EG,1707605482
179,heroica guaymas,27.9333,-110.9,18.03,63,75,10.29,MX,1707605482
180,mont-dore,-22.2833,166.5833,28.99,99,55,5.07,NC,1707605482
181,burutu,5.3509,5.5076,27.32,84,43,2.45,NG,1707605483
182,grand gaube,-20.0064,57.6608,26.88,82,100,3.58,MU,1707605483
183,port mathurin,-19.6833,63.4167,27.04,82,100,10.63,MU,1707605483
184,villa gesell,-37.2639,-56.973,23.36,95,86,3.1,AR,1707605483
185,tralee,52.2704,-9.7026,7.72,86,89,6.49,IE,1707605484
186,freeport,40.6576,-73.5832,14.75,77,0,4.12,US,1707605484
187,anguera,-12.151,-39.2453,22.68,90,100,1.12,BR,1707605485
188,qaqortoq,60.7167,-46.0333,-22.76,78,0,3.33,GL,1707605485
189,ketchikan,55.3422,-131.6461,5.26,93,75,0.0,US,1707605485
190,whangarei,-35.7317,174.3239,22.02,40,24,4.23,NZ,1707605485
191,kill devil hills,36.0307,-75.676,17.01,70,0,5.14,US,1707605486
192,mar del plata,-38.0023,-57.5575,23.94,99,100,11.18,AR,1707605486
193,onega,63.9061,38.1404,-22.82,100,100,1.97,RU,1707605323
194,ban houakhoua,20.2453,100.4547,18.89,69,100,1.3,LA,1707605486
195,gewane,10.1664,40.6453,26.81,59,97,2.26,ET,1707605487
196,bom jesus da lapa,-13.255,-43.4181,21.03,95,100,1.28,BR,1707605487
197,sisimiut,66.9395,-53.6735,-19.09,83,100,4.25,GL,1707605487
198,santo antonio do ica,-3.1022,-67.9397,27.14,85,95,1.83,BR,1707605487
199,mogadishu,2.0371,45.3438,26.09,80,77,9.28,SO,1707605284
200,mount pleasant,32.7941,-79.8626,21.16,81,0,3.09,US,1707605488
201,alamos,27.0167,-108.9333,19.85,30,0,2.97,MX,1707605189
202,acatlan de osorio,18.2,-98.05,31.42,21,2,3.75,MX,1707605488
203,luanco,43.6152,-5.7934,10.01,67,74,8.33,ES,1707605488
204,kununurra,-15.7667,128.7333,24.99,94,75,2.06,AU,1707605489
205,maputo,-25.9653,32.5892,22.82,78,75,7.2,MZ,1707605489
206,redencao,-4.2258,-38.7306,24.19,95,100,1.57,BR,1707605490
207,codrington,-38.2667,141.9667,22.15,49,0,1.69,AU,1707605490
208,ujae,8.9322,165.7642,26.93,68,87,9.37,MH,1707605490
209,murraysville,34.2957,-77.8475,20.98,69,0,3.6,US,1707605490
210,taytay,14.5678,121.1394,25.01,78,20,1.54,PH,1707605491
211,coahuayana de hidalgo,18.7,-103.6583,26.88,60,30,4.06,MX,1707605491
212,kokopo,-4.352,152.2633,27.94,74,100,3.3,PG,1707605491
213,veraval,20.9,70.3667,20.02,35,0,4.78,IN,1707605492
214,vilyuchinsk,52.9306,158.4028,-13.85,74,26,4.37,RU,1707605298
215,polyarnyy,69.1989,33.4478,-9.72,94,100,2.1,RU,1707605492
216,haiku-pauwela,20.9219,-156.3051,26.13,69,40,2.68,US,1707605493
217,kodiak,57.79,-152.4072,2.73,75,0,6.17,US,1707605493
218,puerto baquerizo moreno,-0.9,-89.6,28.55,74,75,3.09,EC,1707605493
219,georgetown,5.4112,100.3354,26.96,78,20,3.09,MY,1707605494
220,avarua,-21.2078,-159.775,30.03,70,40,9.77,CK,1707605494
221,pisco,-13.7,-76.2167,28.03,65,0,11.32,PE,1707605494
222,kristiansund,63.1115,7.732,-4.64,54,40,3.09,NO,1707605495
223,hasaki,35.7333,140.8333,1.22,49,68,7.27,JP,1707605495
224,harper,4.375,-7.7169,26.86,87,3,2.41,LR,1707605495
225,meulaboh,4.1363,96.1285,24.15,89,67,1.81,ID,1707605495
226,bardai,11.65,7.2333,21.83,19,100,2.96,NG,1707605496
227,mejit,10.2753,170.8646,26.72,68,100,8.08,MH,1707605496
228,mahina,-17.5065,-149.489,25.87,100,75,4.12,PF,1707605497
229,xunchang,28.4543,104.715,8.25,72,8,0.36,CN,1707605497
230,lhokseumawe,5.1801,97.1507,25.4,80,61,3.32,ID,1707605380
231,markaz-e hukumat-e darweshan,31.1323,64.1934,12.46,21,6,4.1,AF,1707605497
232,huancavelica,-12.7667,-74.9833,8.13,74,97,0.91,PE,1707605498
233,agudos,-22.4692,-48.9875,32.14,42,0,3.6,BR,1707605498
234,baardheere,2.3446,42.2764,27.97,55,46,6.18,SO,1707605498
235,san patricio,28.017,-97.5169,22.92,78,100,3.7,US,1707605498
236,san antonio de pale,-1.4014,5.6325,29.03,71,51,1.35,GQ,1707605499
237,san andres,12.5847,-81.7006,29.01,70,20,4.12,CO,1707605499
238,dwarka,22.2394,68.9678,21.12,41,0,5.23,IN,1707605499
239,kailua-kona,19.6406,-155.9956,26.98,67,75,3.6,US,1707605500
240,minot air force base,48.4209,-101.3391,-5.95,68,100,6.17,US,1707605500
241,riolandia,-19.9808,-49.6819,28.74,43,40,2.99,BR,1707605500
242,ola,59.5833,151.2833,-24.09,83,99,3.66,RU,1707605500
243,nagqu,31.5,92.0,-15.63,53,100,2.09,CN,1707605501
244,gillette,44.2911,-105.5022,0.02,64,100,2.68,US,1707605486
245,turpan,42.9333,89.1667,1.75,51,17,0.27,CN,1707605501
246,koksovyy,48.1967,40.5989,-0.2,98,100,4.12,RU,1707605501
247,murudeshwara,14.0943,74.4845,23.85,85,56,1.31,IN,1707605502
248,pionerskiy,54.9508,20.2275,0.91,97,100,6.23,RU,1707605502
249,crane,31.3974,-102.3501,19.19,19,12,1.45,US,1707605502
250,khandyga,62.6667,135.6,-46.57,100,63,0.96,RU,1707605502
251,zelenogorskiy,55.0333,87.0,-10.3,87,84,5.05,RU,1707605503
252,santa luzia,-19.7697,-43.8514,26.19,65,75,5.14,BR,1707605503
253,nantucket,41.2835,-70.0995,7.08,93,0,5.66,US,1707605441
254,fortaleza,-3.7227,-38.5247,28.45,94,75,0.51,BR,1707605421
255,arteche,12.2645,125.4048,24.43,88,64,5.65,PH,1707605503
256,zhangye,38.9342,100.4517,-2.55,37,12,0.84,CN,1707605504
257,mitu,1.1983,-70.1733,25.9,83,98,1.09,CO,1707605504
258,deniliquin,-35.5333,144.9667,25.47,43,0,5.52,AU,1707605387
259,leh,34.1667,77.5833,-16.52,49,0,0.85,IN,1707605505
260,fort bragg,35.139,-79.006,21.91,61,100,5.66,US,1707605505
261,igarka,67.4667,86.5833,-17.74,84,100,3.29,RU,1707605505
262,mimizan,44.2006,-1.2289,11.05,85,84,10.64,FR,1707605506
263,sandnessjoen,66.0217,12.6316,-18.71,73,5,7.58,NO,1707605506
264,colares,38.7992,-9.4469,12.16,79,39,3.13,PT,1707605506
265,prince george,53.9166,-122.753,0.7,85,100,7.72,CA,1707605506
266,ahlat,38.7518,42.4814,-0.59,89,10,1.33,TR,1707605507
267,saipan,15.1355,145.701,27.39,74,40,7.2,MP,1707605423
268,wynyard,-41.0,145.7167,15.71,74,100,5.09,AU,1707605508
269,vilyuysk,63.7553,121.6247,-29.38,96,100,3.95,RU,1707605508
270,nova sintra,14.8667,-24.7167,20.85,70,0,7.55,CV,1707605508
271,filey,54.21,-0.2892,7.66,94,100,0.45,GB,1707605422
272,lamar,33.6668,-95.5836,11.95,91,100,3.6,US,1707605509
273,kostomuksha,64.571,30.5767,-12.76,97,100,0.45,RU,1707605509
274,ust-nera,64.5667,143.2,-35.87,100,100,1.15,RU,1707605509
275,okhotsk,59.3833,143.3,-28.92,82,68,3.52,RU,1707605510
276,lethem,3.3803,-59.7968,32.23,44,59,5.25,GY,1707605510
277,ustrzyki dolne,49.4304,22.5938,9.8,74,100,6.93,PL,1707605510
278,rodolfo sanchez taboada,31.7167,-116.5667,16.17,64,16,2.24,MX,1707605511
279,isla mujeres,21.2311,-86.731,27.87,72,14,6.85,MX,1707605511
280,rundu,-17.9333,19.7667,23.14,66,43,1.55,NA,1707605511
281,sao filipe,14.8961,-24.4956,24.52,63,0,3.21,CV,1707605511
282,stephenville,32.2207,-98.2023,14.53,94,100,4.12,US,1707605512
283,port lincoln,-34.7333,135.8667,19.93,68,33,3.54,AU,1707605512
284,al ghayzah,16.2079,52.176,22.7,75,13,3.06,YE,1707605512
285,pangoa,-12.1167,-73.0,26.42,76,73,1.31,PE,1707605512
286,igoumenitsa,39.5039,20.2656,16.81,68,100,7.74,GR,1707605513
287,westport,41.1415,-73.3579,14.75,69,92,1.79,US,1707605513
288,san luis,-33.295,-66.3356,27.51,52,73,5.62,AR,1707605513
289,tannum sands,-23.9504,151.3693,29.86,65,40,5.66,AU,1707605513
290,buka,40.8108,69.1986,10.5,35,93,2.29,UZ,1707605514
291,nar'yan-mar,67.6713,53.087,-27.16,100,45,3.13,RU,1707605514
292,jumla,29.2747,82.1838,0.53,42,0,2.11,NP,1707605514
293,lycksele,64.5954,18.6735,-32.07,75,96,0.0,SE,1707605515
294,grabouw,-34.1515,19.0151,17.47,80,1,4.26,ZA,1707605515
295,tromso,69.6496,18.957,-3.99,80,40,6.17,NO,1707605515
296,vetluzhskiy,58.3902,45.4654,-26.09,100,98,1.79,RU,1707605515
297,akjoujt,19.6969,-14.4164,25.25,18,40,4.84,MR,1707605516
298,ha'il,27.5219,41.6907,13.01,71,0,6.17,SA,1707605516
299,estreito,-5.7833,-43.25,23.08,95,100,0.86,BR,1707605516
300,tazovsky,67.4667,78.7,-20.69,97,98,4.56,RU,1707605517
301,antsiranana,-12.2787,49.2917,24.78,91,100,3.32,MG,1707605517
302,fort st. john,56.2499,-120.8529,3.94,56,40,11.83,CA,1707605518
303,ibiza,38.9088,1.433,14.01,62,0,8.23,ES,1707605518
304,kralendijk,12.15,-68.2667,26.99,83,40,7.72,BQ,1707605518
305,yanam,16.7333,82.2167,21.56,87,51,1.83,IN,1707605518
306,sorsk,54.0033,90.2467,-7.15,83,100,6.97,RU,1707605519
307,namtsy,62.7161,129.6658,-45.29,100,85,1.19,RU,1707605519
308,kavaratti,10.5669,72.642,27.48,73,77,3.11,IN,1707605519
309,borogontsy,62.6683,131.1683,-41.41,99,66,2.38,RU,1707605519
310,niederwiesa,50.8667,13.0167,9.07,90,100,2.26,DE,1707605520
311,chipinge,-20.1883,32.6236,19.22,66,9,1.73,ZW,1707605520
312,cill airne,52.05,-9.5167,7.29,88,93,5.69,IE,1707605520
313,lorengau,-2.0226,147.2712,28.89,73,92,3.54,PG,1707605521
314,as sulayyil,20.4607,45.5779,21.14,46,45,2.86,SA,1707605521
315,santa terezinha,-29.9002,-50.0904,24.93,92,90,7.7,BR,1707605521
316,maracacume,-2.0428,-45.9592,23.82,97,100,1.33,BR,1707605521
317,hotan,37.0997,79.9269,-0.24,55,1,0.53,CN,1707605522
318,soto la marina,23.7667,-98.2167,28.61,52,5,6.89,MX,1707605522
319,rikaze,29.25,88.8833,-6.87,51,0,1.21,CN,1707605523
320,fuling,29.7022,107.3919,7.98,65,0,1.13,CN,1707605523
321,atafu village,-8.5421,-172.5159,27.71,85,97,8.87,TK,1707605523
322,linqiong,30.4159,103.4609,3.9,84,3,0.6,CN,1707605523
323,sinan,34.8262,126.1086,-1.94,61,36,5.78,KR,1707605523
324,ambovombe,-25.1667,46.0833,25.17,87,61,1.23,MG,1707605524
325,kosong,38.3788,128.4676,0.27,73,5,4.53,KR,1707605524
326,racine,42.7495,-88.0751,4.45,63,0,4.63,US,1707605525
327,luau,-10.7073,22.2247,18.83,97,100,1.77,AO,1707605525
328,amungan,15.3652,119.9582,23.7,75,8,2.34,PH,1707605525
329,namdrik,5.5994,168.1028,27.6,79,100,10.05,MH,1707605526
330,mil'kovo,55.6078,37.7956,-13.09,95,100,2.59,RU,1707605526
331,slave lake,55.2834,-114.769,-7.01,79,0,2.57,CA,1707605526
332,ushibukamachi,32.1906,130.0228,10.42,55,79,7.96,JP,1707605465
333,tchollire,8.4022,14.1698,24.26,21,8,0.67,CM,1707605527
334,la passe,45.5549,-0.8967,10.13,85,71,11.73,FR,1707605527
335,filadelfia,39.9523,-75.1638,13.91,74,100,2.57,US,1707605299
336,ende,-8.8432,121.6623,26.64,85,86,1.1,ID,1707605528
337,takestan,36.0696,49.6959,5.07,48,98,1.61,IR,1707605529
338,jacmel,18.2342,-72.5347,28.91,69,17,1.05,HT,1707605529
339,rio preto da eva,-2.6994,-59.6997,27.43,78,96,1.11,BR,1707605529
340,la mira,18.035,-102.3266,27.04,61,19,4.27,MX,1707605529
341,lazaro cardenas,17.9583,-102.2,26.7,63,22,4.35,MX,1707605530
342,loushanguan,28.1375,106.82,5.81,61,1,1.4,CN,1707605530
343,alaghsas,17.0187,8.0168,20.68,10,0,3.97,NE,1707605530
344,petrolina,-9.3986,-40.5008,24.03,100,75,1.03,BR,1707605530
345,constitucion,-35.3333,-72.4167,17.74,71,14,6.29,CL,1707605531
346,crucecita,-28.95,-58.9833,30.44,64,77,2.18,AR,1707605532
347,mozarlandia,-14.7447,-50.5706,23.81,93,91,4.95,BR,1707605532
348,floro,61.5996,5.0328,-0.02,47,100,6.69,NO,1707605532
349,alice springs,-23.7,133.8833,28.75,58,75,0.0,AU,1707605532
350,kupang,-10.1667,123.5833,27.2,81,60,2.81,ID,1707605532
351,nemuro,43.3236,145.575,-2.64,91,100,6.5,JP,1707605529
352,tayabas,14.0289,121.5911,22.41,78,17,4.28,PH,1707605533
353,klaksvik,62.2266,-6.589,3.51,63,100,11.99,FO,1707605533
354,ilorin,8.5,4.55,30.08,21,64,1.03,NG,1707605533
355,benguela,-12.5763,13.4055,27.62,75,100,2.36,AO,1707605534
356,shubarshi,48.5872,57.1869,-17.27,94,10,2.27,KZ,1707605534
357,faya-largeau,17.9257,19.1043,20.67,15,0,5.31,TD,1707605534
358,fuyang,32.9,115.8167,1.94,76,0,2.39,CN,1707605534
359,benjamin aceval,-24.9667,-57.5667,35.33,71,97,2.49,PY,1707605535
360,bahia blanca,-38.7196,-62.2724,23.15,77,70,4.68,AR,1707605402
361,forster,-32.1667,152.5167,23.54,79,88,5.46,AU,1707605535
362,smithers,54.7804,-127.1743,-0.82,80,20,0.0,CA,1707605365
363,semnan,35.5729,53.3971,7.42,39,99,1.34,IR,1707605535
364,essaouira,31.5125,-9.77,15.72,94,40,1.03,MA,1707605237
365,itagi,-14.1628,-40.0061,21.87,87,100,0.41,BR,1707605536
366,campo largo,-25.4586,-49.5283,22.79,92,35,3.3,BR,1707605536
367,karasburg,-28.0167,18.75,23.84,18,0,3.22,NA,1707605536
368,egilsstadir,65.2653,-14.3948,-4.05,86,75,2.57,IS,1707605537
369,lompoc,34.6391,-120.4579,17.66,58,0,6.69,US,1707605537
370,dryden,49.7833,-92.7503,-7.84,79,100,3.6,CA,1707605537
371,gazojak,41.1875,61.4036,9.47,55,77,3.2,TM,1707605537
372,ranchettes,41.2186,-104.7903,-4.09,81,100,5.66,US,1707605538
373,wangjing,24.6,94.0333,7.34,71,2,0.06,IN,1707605538
374,mana,5.6592,-53.7767,26.31,82,65,4.13,GF,1707605538
375,tazacorte,28.629,-17.9293,18.97,93,0,1.54,ES,1707605539
376,ishigaki,24.3448,124.1572,14.07,67,25,3.09,JP,1707605369
377,happy valley-goose bay,53.3168,-60.3315,1.17,75,100,7.2,CA,1707605540
378,nogliki,51.8333,143.1667,-23.14,100,93,2.24,RU,1707605540
379,matoury,4.8483,-52.3317,27.98,78,20,2.06,GF,1707605540
380,riti,7.9167,9.6167,27.96,17,15,1.67,NG,1707605540
381,nuuk,64.1835,-51.7216,-15.9,76,85,4.04,GL,1707605540
382,igrim,63.1906,64.4162,-29.67,98,46,1.9,RU,1707605541
383,weining,26.85,104.2333,0.77,67,26,2.22,CN,1707605541
384,novodvinsk,64.4165,40.8122,-19.01,99,82,1.42,RU,1707605541
385,kenai,60.5544,-151.2583,4.05,75,75,3.09,US,1707605542
386,francistown,-21.17,27.5079,24.65,63,78,7.22,BW,1707605542
387,kande,9.9578,1.0447,25.83,15,2,0.86,TG,1707605542
388,medicine hat,50.0501,-110.6683,-1.27,65,100,5.66,CA,1707605529
389,port isabel,26.0734,-97.2086,24.02,84,75,5.14,US,1707605543
390,pariaman,-0.619,100.12,25.03,80,79,2.26,ID,1707605544
391,chernyshevsk,52.5243,117.0174,-25.0,100,99,0.53,RU,1707605544
392,jieshi,22.8134,115.8257,13.37,61,0,3.22,CN,1707605545
393,sola,-13.8833,167.55,27.95,77,47,7.15,VU,1707605545
394,gaspe,48.8334,-64.4819,4.12,81,75,3.09,CA,1707605546
395,port macquarie,-31.4333,152.9167,22.72,87,65,4.52,AU,1707605279
396,oum hadjer,13.2954,19.6966,23.99,10,0,3.78,TD,1707605546
397,san julian,21.0167,-102.1667,22.5,18,63,8.51,MX,1707605546
398,kirakira,-10.4544,161.9205,27.87,81,100,5.52,SB,1707605547
399,palikir - national government center,6.9248,158.1611,28.47,74,100,5.14,FM,1707605279
400,zheleznodorozhnyy,55.7503,38.0042,-13.71,98,100,2.24,RU,1707605547
401,navasota,30.388,-96.0877,21.72,96,100,1.96,US,1707605547
402,amuntai,-2.4177,115.2494,23.63,99,100,0.06,ID,1707605313
403,cabo san lucas,22.8909,-109.9124,24.23,51,1,3.13,MX,1707605529
404,karratha,-20.7377,116.8463,30.59,40,0,3.08,AU,1707605548
405,kalevala,65.2,31.1667,-13.28,98,100,0.89,RU,1707605548
406,arkhangel'sk,64.5401,40.5433,-18.82,78,75,1.0,RU,1707605549
407,carnarvon,-24.8667,113.6333,27.95,50,0,6.2,AU,1707605549
408,nouadhibou,20.931,-17.0347,20.99,83,28,7.72,MR,1707605406
409,sena madureira,-9.0656,-68.6569,26.13,88,97,0.57,BR,1707605549
410,kashin,57.3592,37.6081,-20.54,100,100,2.64,RU,1707605549
411,shalqar,47.8333,59.6,-9.97,88,90,3.67,KZ,1707605550
412,constantia,44.1833,28.65,11.5,82,98,5.19,RO,1707605518
413,nadym,65.5333,72.5167,-19.32,96,100,8.66,RU,1707605550
414,seeb,23.6703,58.1891,20.58,76,7,2.17,OM,1707605551
415,paulden,34.8856,-112.4682,8.05,61,65,3.58,US,1707605551
416,port saint john's,-31.6229,29.5448,19.33,85,97,1.23,ZA,1707605551
417,nhamunda,-2.1861,-56.7131,29.28,63,80,0.73,BR,1707605551
418,camapua,-19.5314,-54.0439,27.48,63,100,2.32,BR,1707605552
419,siler city,35.7235,-79.4622,19.89,63,75,4.12,US,1707605407
420,kunduz,36.75,68.75,10.63,31,100,1.52,AF,1707605552
421,tari,12.4086,4.4914,24.4,14,0,3.01,NG,1707605553
422,grande prairie,55.1667,-118.8027,4.1,60,75,7.2,CA,1707605553
423,sweetwater,25.7634,-80.3731,24.01,74,75,6.17,US,1707605553
424,newman,37.3138,-121.0208,14.46,54,2,1.79,US,1707605553
425,dauphin,51.1494,-100.0502,-6.92,68,100,6.69,CA,1707605554
426,thulamahashi,-24.7246,31.1994,24.28,78,100,5.09,ZA,1707605554
427,jodhpur,26.2867,73.03,14.31,27,0,3.99,IN,1707605487
428,rudnichnyy,59.617,52.4703,-21.59,100,95,1.88,RU,1707605554
429,tukrah,32.5341,20.5791,17.98,31,100,13.26,LY,1707605555
430,svetlyy,54.675,20.1347,1.03,98,100,4.19,RU,1707605555
431,nizhneangarsk,55.7833,109.55,-8.33,96,100,0.45,RU,1707605555
432,elliot lake,46.3834,-82.6331,-2.18,83,98,4.96,CA,1707605555
433,daru,-9.0763,143.2092,27.31,82,89,2.31,PG,1707605556
434,dudinka,69.4058,86.1778,-27.4,88,100,3.13,RU,1707605556
435,gemena,3.25,19.7667,25.39,31,98,0.92,CD,1707605556
436,antofagasta,-23.65,-70.4,23.6,78,37,3.18,CL,1707605556
437,ukhta,63.5671,53.6835,-30.25,100,44,1.34,RU,1707605556
438,hulyaypole,47.6653,36.2578,7.09,96,98,3.51,UA,1707605557
439,usogorsk,63.4106,48.6872,-24.07,100,100,0.96,RU,1707605557
440,puerto del rosario,28.5004,-13.8627,18.86,72,20,3.09,ES,1707605557
441,caglayancerit,37.7496,37.2962,5.23,89,60,0.51,TR,1707605558
442,kemin,42.7846,75.6892,2.64,45,89,3.4,KG,1707605558
443,malacacheta,-17.8422,-42.0767,19.05,98,61,1.89,BR,1707605558
444,estevan,49.1334,-102.9842,-5.81,73,100,4.12,CA,1707605558
445,nirgua,10.1553,-68.5663,20.35,95,84,1.72,VE,1707605559
446,san luis rio colorado,32.4631,-114.7767,17.41,24,4,7.21,MX,1707605559
447,tash-kumyr,41.3461,72.2171,5.7,44,96,2.9,KG,1707605559
448,zheshart,62.0731,49.5733,-25.54,100,93,1.22,RU,1707605560
449,new plymouth,-39.0667,174.0833,14.06,61,56,6.54,NZ,1707605560
450,porto novo,6.4965,2.6036,28.9,88,86,3.22,BJ,1707605371
451,rakitovo,41.9833,24.0833,6.49,74,99,2.76,BG,1707605560
452,kushiro,42.975,144.3747,-6.47,86,100,2.57,JP,1707605338
453,sinop,41.7711,34.8709,9.83,63,97,5.01,TR,1707605561
454,al jawf,29.5,38.75,10.28,53,0,4.29,SA,1707605561
455,akrehamn,59.2667,5.1833,0.23,93,100,5.14,NO,1707605562
456,tanout,14.9709,8.8879,20.44,8,0,4.03,NE,1707605562
457,hithadhoo,-0.6,73.0833,28.13,73,39,3.88,MV,1707605562
458,patterson,37.4716,-121.1297,15.93,54,3,2.96,US,1707605562
459,belyy yar,53.6039,91.3903,-0.06,80,0,3.0,RU,1707605563
460,raja,8.4596,25.678,25.49,25,31,2.03,SS,1707605519
461,timmins,48.4669,-81.3331,-1.1,100,100,3.09,CA,1707605563
462,cadale,2.7603,46.3222,25.89,80,43,8.16,SO,1707605563
463,narsipatnam,17.6667,82.6167,19.74,94,62,0.94,IN,1707605564
464,akureyri,65.6835,-18.0878,-8.04,86,75,0.51,IS,1707605429
465,margate,51.3813,1.3862,7.72,96,100,1.34,GB,1707605564
466,sarkand,45.41,79.9186,2.56,62,45,4.75,KZ,1707605564
467,santa elena de uairen,4.6167,-61.1333,26.05,51,91,2.16,VE,1707605565
468,nosy varika,-20.5833,48.5333,23.99,93,97,1.54,MG,1707605565
469,acarau,-2.8856,-40.12,26.25,86,100,4.85,BR,1707605565
470,labasa,-16.4167,179.3833,28.39,89,100,5.38,FJ,1707605292
471,saynshand,44.8824,110.1163,-15.96,87,19,2.55,MN,1707605566
472,kosh-agach,50.0,88.6667,-9.87,71,44,2.1,RU,1707605566
473,el galpon,-25.3807,-64.6526,26.5,75,100,0.62,AR,1707605566
474,prince rupert,54.3161,-130.3201,8.05,81,0,2.06,CA,1707605567
475,oyama,36.3,139.8,7.55,50,0,1.28,JP,1707605323
476,kem',64.9555,34.5793,-17.55,99,92,2.35,RU,1707605567
477,cidreira,-30.1811,-50.2056,24.86,91,95,7.98,BR,1707605567
478,turinskaya sloboda,57.6232,64.3858,-17.2,95,43,3.34,RU,1707605568
479,xichang,27.8964,102.2634,6.11,74,87,0.43,CN,1707605568
480,mahdia,35.5047,11.0622,14.97,62,19,4.85,TN,1707605568
481,suva,-18.1416,178.4415,30.71,79,75,4.63,FJ,1707605569
482,adam,22.3756,57.5233,17.21,91,0,1.99,OM,1707605569
483,yangcun,39.3639,117.0603,0.99,58,0,2.33,CN,1707605569
484,klyuchi,52.2667,79.1667,-9.76,74,86,5.94,RU,1707605570
485,nicoya,10.1483,-85.452,31.8,40,71,4.21,CR,1707605570
486,queenstown,-31.8976,26.8753,13.41,78,53,2.46,ZA,1707605570
487,woolgoolga,-30.1106,153.2007,24.93,82,44,4.43,AU,1707605570
488,burang,30.25,81.1667,-15.02,37,0,0.75,CN,1707605571
489,peace river,56.2501,-117.286,1.17,69,75,7.72,CA,1707605571
490,kerikeri,-35.2268,173.9474,22.17,61,24,0.89,NZ,1707605409
491,at taj,24.2049,23.2857,14.0,23,0,3.47,LY,1707605571
492,neryungri,56.6709,124.6491,-29.53,98,87,2.09,RU,1707605572
493,sicuani,-14.2694,-71.2261,13.74,64,97,3.02,PE,1707605572
494,manokwari,-0.8667,134.0833,26.99,79,97,1.72,ID,1707605572
495,hauterive,46.0901,3.4459,8.42,84,100,3.45,FR,1707605572
496,castillos,-34.1667,-53.8333,22.94,97,100,5.31,UY,1707605573
497,kapa'a,22.0752,-159.319,25.18,79,75,4.12,US,1707605573
498,andrews,32.3187,-102.5457,18.59,22,75,3.6,US,1707605573
499,chernyshevskiy,63.0128,112.4714,-29.59,96,100,5.53,RU,1707605573
500,pathein,16.7833,94.7333,18.41,84,64,1.04,MM,1707605574
501,remire-montjoly,4.9167,-52.2667,28.02,78,20,2.06,GF,1707605574
502,dalnegorsk,44.5604,135.5701,-11.33,95,85,1.79,RU,1707605574
503,cabedelo,-6.9811,-34.8339,28.37,78,81,5.42,BR,1707605574
504,nurota,40.5614,65.6886,10.62,41,100,4.14,UZ,1707605575
505,morehead city,34.7229,-76.726,19.03,85,0,4.63,US,1707605575
506,sogndal,61.2283,7.1003,-4.79,62,100,4.63,NO,1707605576
507,vanimo,-2.6741,141.3028,26.83,86,100,1.54,PG,1707605576
508,nowy sacz,49.6218,20.6971,11.12,76,99,5.39,PL,1707605576
509,lamu,-2.2717,40.902,26.8,85,97,5.12,KE,1707605577
510,northam,51.0333,-4.2167,9.81,96,66,3.26,GB,1707605577
511,tanggu,39.0211,117.6469,0.98,58,0,3.41,CN,1707605577
512,concepcion del uruguay,-32.4825,-58.2372,29.43,78,83,0.89,AR,1707605577
513,houma,29.5958,-90.7195,24.44,84,100,4.81,US,1707605578
514,nikel,69.4128,30.222,-17.9,89,100,3.14,RU,1707605578
515,bamboo flat,11.7,92.7167,25.05,88,20,0.51,IN,1707605578
516,zaozersk,69.4005,32.4476,-10.57,85,100,2.47,RU,1707605578
517,novokubansk,45.117,41.0267,10.9,69,100,2.66,RU,1707605579
518,mechetinskaya,46.7713,40.456,9.81,80,100,4.06,RU,1707605579
519,abdanan,32.9926,47.4198,10.49,41,100,1.84,IR,1707605579
520,mareeba,-17.0,145.4333,27.47,76,19,0.73,AU,1707605579
521,lianran,24.9227,102.485,3.3,76,83,1.41,CN,1707605580
522,ferkessedougou,9.6,-5.2,26.75,12,0,2.06,CI,1707605580
523,mach,29.8637,67.3298,11.65,35,0,2.05,PK,1707605580
524,bonthe,7.5264,-12.505,26.77,86,91,3.08,SL,1707605580
525,gadzhiyevo,69.2551,33.3362,-10.24,94,100,2.28,RU,1707605580
526,seguela,7.9611,-6.6731,26.59,26,1,1.37,CI,1707605581
527,shenjiamen,29.9576,122.298,6.68,79,11,3.72,CN,1707605581
528,kumagunnam,13.1551,10.6342,21.94,12,33,3.85,NG,1707605581
529,greymouth,-42.4667,171.2,16.38,40,54,2.08,NZ,1707605404
530,portland,45.5234,-122.6762,13.82,68,33,1.79,US,1707605582
531,selinsgrove,40.799,-76.8622,14.06,79,100,2.6,US,1707605582
532,thinadhoo,0.5333,72.9333,28.02,77,61,5.97,MV,1707605582
533,inyonga,-6.7167,32.0667,19.17,92,100,0.8,TZ,1707605582
534,coquimbo,-29.9533,-71.3436,18.85,82,75,3.6,CL,1707605231
535,quibor,9.9287,-69.6201,26.54,72,49,4.79,VE,1707605583
536,porbandar,21.6422,69.6093,20.19,39,0,4.68,IN,1707605584
537,illizi,26.4833,8.4667,19.89,9,80,3.31,DZ,1707605584
538,rakops,-21.0167,24.3333,26.94,51,56,1.46,BW,1707605584
539,zhangjiajie,29.1294,110.4783,7.32,85,0,0.48,CN,1707605550
540,savannah,32.0835,-81.0998,22.04,68,0,4.63,US,1707605347
541,kilju,40.9642,129.3278,-4.63,78,96,1.6,KP,1707605585
